Customer_ID,Customer_Name,Age
CUST101,Amit Chame,19
CUST102,Priya Sharma,42
CUST103,Rahul Patil,28
CUST104,Sneha Deshmukh,65
CUST105,Aniket Joshi,33
CUST106,Pooja Kulkarni,22
CUST107,Rohan Shinde,54
CUST108,Tanvi More,31
CUST109,Aditya Kadam,47
CUST110,Neha Pawar,18
CUST111,Saurabh Gaikwad,25
CUST112,Divya Sawant,39
CUST113,Akash Mane,58
CUST114,Shruti Jagtap,23
CUST115,Nikhil Bhosale,49
CUST116,Anjali Chavan,36
CUST117,Karan Verma,27
CUST118,Meera Nair,61
CUST119,Deepak Yadav,30
CUST120,Kavita Rathi,44
CUST121,Vikram Solanki,21
CUST122,Ritu Gupta,52
CUST123,Siddharth Rao,35
CUST124,Shreya Mehta,40
CUST125,Omkar Jadhav,26
CUST126,Pallavi Thorat,68
CUST127,Sachin Kale,32
CUST128,Monika Shinde,29
CUST129,Abhishek Gore,46
CUST130,Sayali Salunkhe,24
CUST131,Gaurav Wagh,55
CUST132,Aarti Tambe,38
CUST133,Tejas Auti,34
CUST134,Rupali Ghadge,63
CUST135,Mayur Dhumal,20
