Customer_ID,Customer_Name,Age,Gender,City
CUST101,Amit Chame,23,Male,Pune
CUST102,Priya Sharma,29,Female,Mumbai
CUST103,Rahul Patil,34,Male,Nagpur
CUST104,Sneha Deshmukh,21,Female,Nashik
CUST105,Aniket Joshi,45,Male,Pune
CUST106,Pooja Kulkarni,31,Female,Mumbai
CUST107,Rohan Shinde,27,Male,Kolhapur
CUST108,Tanvi More,24,Female,Pune
CUST109,Aditya Kadam,38,Male,Solapur
CUST110,Neha Pawar,52,Female,Mumbai
CUST111,Saurabh Gaikwad,26,Male,Aurangabad
CUST112,Divya Sawant,33,Female,Pune
CUST113,Akash Mane,41,Male,Thane
CUST114,Shruti Jagtap,22,Female,Nashik
CUST115,Nikhil Bhosale,36,Male,Pune
CUST116,Anjali Chavan,28,Female,Mumbai
CUST117,Karan Verma,47,Male,Nagpur
CUST118,Meera Nair,30,Female,Pune
CUST119,Deepak Yadav,39,Male,Satara
CUST120,Kavita Rathi,25,Female,Mumbai
CUST121,Vikram Solanki,44,Male,Pune
CUST122,Ritu Gupta,32,Female,Nashik
CUST123,Siddharth Rao,29,Male,Kolhapur
CUST124,Shreya Mehta,23,Female,Pune
CUST125,Omkar Jadhav,35,Male,Mumbai
CUST126,Pallavi Thorat,48,Female,Thane
CUST127,Sachin Kale,27,Male,Pune
CUST128,Monika Shinde,31,Female,Nagpur
CUST129,Abhishek Gore,40,Male,Solapur
CUST130,Sayali Salunkhe,22,Female,Mumbai
CUST131,Gaurav Wagh,50,Male,Pune
CUST132,Aarti Tambe,26,Female,Nashik
CUST133,Tejas Auti,34,Male,Kolhapur
CUST134,Rupali Ghadge,43,Female,Pune
CUST135,Mayur Dhumal,28,Male,Mumbai
