Customer_ID,Customer_Name,Gender,Age,AnnualIncome,Loyalty_Score
MC_201,Amit Chame,Male,28.0,450000.0,75.0
MC_202,Priya Sharma,Female,35.0,620000.0,82.0
MC_203,Rahul Patil,Male,,850000.0,90.0
MC_204,Sneha Deshmukh,,25.0,380000.0,60.0
MC_205,Aniket Joshi,Male,50.0,1200000.0,95.0
MC_206,Pooja Kulkarni,Female,31.0,,78.0
MC_207,Rohan Shinde,Male,45.0,920000.0,88.0
MC_208,Tanvi More,Female,22.0,320000.0,
MC_209,Aditya Kadam,Male,,780000.0,84.0
MC_210,Neha Pawar,Female,29.0,510000.0,72.0
MC_211,Saurabh Gaikwad,Male,48.0,1100000.0,92.0
MC_212,Divya Sawant,,33.0,680000.0,80.0
MC_213,Akash Mane,Male,27.0,490000.0,68.0
MC_214,Shruti Jagtap,Female,52.0,1350000.0,96.0
MC_215,Nikhil Bhosale,Male,36.0,,85.0
MC_216,Anjali Chavan,Female,40.0,880000.0,89.0
MC_217,Karan Verma,Male,24.0,360000.0,58.0
MC_218,Meera Nair,Female,,950000.0,91.0
MC_219,Deepak Yadav,Male,30.0,580000.0,76.0
MC_220,Kavita Rathi,Female,34.0,640000.0,
MC_221,Vikram Solanki,Male,55.0,,94.0
MC_222,Ritu Gupta,Female,26.0,420000.0,65.0
MC_223,Siddharth Rao,,39.0,810000.0,86.0
MC_224,Shreya Mehta,Female,43.0,900000.0,87.0
MC_225,Omkar Jadhav,Male,31.0,600000.0,79.0
MC_226,Pallavi Thorat,Female,,1050000.0,93.0
MC_227,Sachin Kale,Male,23.0,350000.0,59.0
MC_228,Monika Shinde,Female,37.0,750000.0,83.0
MC_229,Abhishek Gore,Male,51.0,1250000.0,
MC_230,Sayali Salunkhe,,29.0,530000.0,74.0
MC_231,Gaurav Wagh,Male,41.0,890000.0,88.0
MC_232,Aarti Tambe,Female,32.0,,80.0
MC_233,Tejas Auti,Male,44.0,960000.0,90.0
MC_234,Rupali Ghadge,Female,,480000.0,70.0
MC_235,Mayur Dhumal,Male,36.0,790000.0,85.0
