Customer_ID,Name,Age,Gender,Annual_Income_k,Spending_Score
C_501,Amit Chame,22,Male,35,78
C_502,Priya Sharma,28,Female,48,85
C_503,Rahul Patil,35,Male,65,62
C_504,Sneha Deshmukh,42,Female,82,45
C_505,Aniket Joshi,26,Male,40,80
C_506,Pooja Kulkarni,31,Female,55,72
C_507,Rohan Shinde,48,Male,95,38
C_508,Tanvi More,55,Female,110,30
C_509,Aditya Kadam,24,Male,38,82
C_510,Neha Pawar,38,Female,72,58
C_511,Saurabh Gaikwad,45,Male,88,42
C_512,Divya Sawant,29,Female,52,70
C_513,Akash Mane,33,Male,60,65
C_514,Shruti Jagtap,50,Female,105,32
C_515,Nikhil Bhosale,27,Male,45,75
C_516,Anjali Chavan,36,Female,68,60
C_517,Karan Verma,41,Male,78,48
C_518,Meera Nair,23,Female,36,88
C_519,Deepak Yadav,49,Male,98,35
C_520,Kavita Rathi,32,Female,58,68
C_521,Vikram Solanki,58,Male,125,25
C_522,Ritu Gupta,25,Female,42,84
C_523,Siddharth Rao,39,Male,75,52
C_524,Shreya Mehta,44,Female,85,46
C_525,Omkar Jadhav,30,Male,54,74
C_526,Pallavi Thorat,52,Female,115,28
C_527,Sachin Kale,21,Male,32,90
C_528,Monika Shinde,37,Female,70,55
C_529,Abhishek Gore,46,Male,92,40
C_530,Sayali Salunkhe,28,Female,50,76
C_531,Gaurav Wagh,54,Male,120,22
C_532,Aarti Tambe,34,Female,62,64
C_533,Tejas Auti,40,Male,80,50
C_534,Rupali Ghadge,47,Female,90,44
C_535,Mayur Dhumal,26,Male,46,81
