Student_ID,Student_Name,Gender,Parental_Education,Lunch_Type,Math_Score,Reading_Score,Writing_Score
STU_301,Amit Chame,Male,High School,Standard,62,70,75
STU_302,Priya Sharma,Female,Associate's Degree,Free/Reduced,61,61,65
STU_303,Rahul Patil,Male,Bachelor's Degree,Standard,81,85,90
STU_304,Sneha Deshmukh,Female,Master's Degree,Free/Reduced,83,80,82
STU_305,Aniket Joshi,Male,High School,Standard,79,75,75
STU_306,Pooja Kulkarni,Female,Associate's Degree,Free/Reduced,74,69,71
STU_307,Rohan Shinde,Male,Bachelor's Degree,Standard,74,73,69
STU_308,Tanvi More,Female,Master's Degree,Free/Reduced,91,85,91
STU_309,Aditya Kadam,Male,High School,Standard,81,86,89
STU_310,Neha Pawar,Female,Associate's Degree,Free/Reduced,70,73,79
STU_311,Saurabh Gaikwad,Male,Bachelor's Degree,Standard,90,99,96
STU_312,Divya Sawant,Female,Master's Degree,Free/Reduced,71,67,66
STU_313,Akash Mane,Male,High School,Standard,74,74,73
STU_314,Shruti Jagtap,Female,Associate's Degree,Free/Reduced,62,62,58
STU_315,Nikhil Bhosale,Male,Bachelor's Degree,Standard,66,73,69
STU_316,Anjali Chavan,Female,Master's Degree,Free/Reduced,85,87,91
STU_317,Karan Verma,Male,High School,Standard,76,71,69
STU_318,Meera Nair,Female,Associate's Degree,Free/Reduced,81,89,95
STU_319,Deepak Yadav,Male,Bachelor's Degree,Standard,69,74,81
STU_320,Kavita Rathi,Female,Master's Degree,Free/Reduced,67,75,72
STU_321,Vikram Solanki,Male,High School,Standard,69,79,77
STU_322,Ritu Gupta,Female,Associate's Degree,Free/Reduced,71,72,70
STU_323,Siddharth Rao,Male,Bachelor's Degree,Standard,64,63,63
STU_324,Shreya Mehta,Female,Master's Degree,Free/Reduced,69,66,66
STU_325,Omkar Jadhav,Male,High School,Standard,84,95,99
STU_326,Pallavi Thorat,Female,Associate's Degree,Free/Reduced,65,60,64
STU_327,Sachin Kale,Male,Bachelor's Degree,Standard,92,89,91
STU_328,Monika Shinde,Female,Master's Degree,Free/Reduced,73,74,73
STU_329,Abhishek Gore,Male,High School,Standard,71,77,73
STU_330,Sayali Salunkhe,Female,Associate's Degree,Free/Reduced,68,74,77
STU_331,Gaurav Wagh,Male,Bachelor's Degree,Standard,91,99,100
STU_332,Aarti Tambe,Female,Master's Degree,Free/Reduced,60,60,63
STU_333,Tejas Auti,Male,High School,Standard,79,73,79
STU_334,Rupali Ghadge,Female,Associate's Degree,Free/Reduced,61,65,62
STU_335,Mayur Dhumal,Male,Bachelor's Degree,Standard,79,80,77
